dataset,similarity,algorithm,k,mapping,shards,query,parallelQueries,recall,queriesPerSecond
AnnbFashionMnist,L2,Exact,100,"{""elastiknn"":{""dims"":784},""type"":""elastiknn_dense_float_vector""}",1,"{""field"":""vec"",""model"":""exact"",""similarity"":""l2"",""vec"":{}}",1,1.0,7.836991
AnnbFashionMnist,L2,LSH,100,"{""elastiknn"":{""L"":100,""dims"":784,""k"":2,""model"":""lsh"",""similarity"":""l2"",""w"":6},""type"":""elastiknn_dense_float_vector""}",1,"{""candidates"":1000,""field"":""vec"",""limit"":1.0,""model"":""lsh"",""probes"":0,""similarity"":""l2"",""vec"":{}}",1,0.857347,140.84508
AnnbFashionMnist,L2,LSH,100,"{""elastiknn"":{""L"":100,""dims"":784,""k"":2,""model"":""lsh"",""similarity"":""l2"",""w"":6},""type"":""elastiknn_dense_float_vector""}",1,"{""candidates"":1000,""field"":""vec"",""limit"":1.0,""model"":""lsh"",""probes"":3,""similarity"":""l2"",""vec"":{}}",1,0.975174,85.470085
AnnbFashionMnist,L2,LSH,100,"{""elastiknn"":{""L"":100,""dims"":784,""k"":2,""model"":""lsh"",""similarity"":""l2"",""w"":6},""type"":""elastiknn_dense_float_vector""}",1,"{""candidates"":1000,""field"":""vec"",""limit"":1.0,""model"":""lsh"",""probes"":6,""similarity"":""l2"",""vec"":{}}",1,0.98825,63.694267
AnnbFashionMnist,L2,LSH,100,"{""elastiknn"":{""L"":100,""dims"":784,""k"":2,""model"":""lsh"",""similarity"":""l2"",""w"":6},""type"":""elastiknn_dense_float_vector""}",1,"{""candidates"":1000,""field"":""vec"",""limit"":1.0,""model"":""lsh"",""probes"":9,""similarity"":""l2"",""vec"":{}}",1,0.979558,55.86592
AnnbFashionMnist,L2,LSH,100,"{""elastiknn"":{""L"":100,""dims"":784,""k"":2,""model"":""lsh"",""similarity"":""l2"",""w"":6},""type"":""elastiknn_dense_float_vector""}",1,"{""candidates"":5000,""field"":""vec"",""limit"":1.0,""model"":""lsh"",""probes"":0,""similarity"":""l2"",""vec"":{}}",1,0.965905,63.291138
AnnbFashionMnist,L2,LSH,100,"{""elastiknn"":{""L"":100,""dims"":784,""k"":2,""model"":""lsh"",""similarity"":""l2"",""w"":8},""type"":""elastiknn_dense_float_vector""}",1,"{""candidates"":5000,""field"":""vec"",""limit"":1.0,""model"":""lsh"",""probes"":3,""similarity"":""l2"",""vec"":{}}",1,0.999131,41.666668
AnnbFashionMnist,L2,LSH,100,"{""elastiknn"":{""L"":100,""dims"":784,""k"":2,""model"":""lsh"",""similarity"":""l2"",""w"":7},""type"":""elastiknn_dense_float_vector""}",1,"{""candidates"":5000,""field"":""vec"",""limit"":1.0,""model"":""lsh"",""probes"":6,""similarity"":""l2"",""vec"":{}}",1,0.999604,35.21127
AnnbFashionMnist,L2,LSH,100,"{""elastiknn"":{""L"":100,""dims"":784,""k"":2,""model"":""lsh"",""similarity"":""l2"",""w"":8},""type"":""elastiknn_dense_float_vector""}",1,"{""candidates"":5000,""field"":""vec"",""limit"":1.0,""model"":""lsh"",""probes"":9,""similarity"":""l2"",""vec"":{}}",1,0.999362,31.948881
AnnbFashionMnist,L2,LSH,100,"{""elastiknn"":{""L"":100,""dims"":784,""k"":3,""model"":""lsh"",""similarity"":""l2"",""w"":8},""type"":""elastiknn_dense_float_vector""}",1,"{""candidates"":1000,""field"":""vec"",""limit"":1.0,""model"":""lsh"",""probes"":0,""similarity"":""l2"",""vec"":{}}",1,0.888231,153.84616
AnnbFashionMnist,L2,LSH,100,"{""elastiknn"":{""L"":100,""dims"":784,""k"":3,""model"":""lsh"",""similarity"":""l2"",""w"":8},""type"":""elastiknn_dense_float_vector""}",1,"{""candidates"":1000,""field"":""vec"",""limit"":1.0,""model"":""lsh"",""probes"":3,""similarity"":""l2"",""vec"":{}}",1,0.978114,108.695656
AnnbFashionMnist,L2,LSH,100,"{""elastiknn"":{""L"":100,""dims"":784,""k"":3,""model"":""lsh"",""similarity"":""l2"",""w"":8},""type"":""elastiknn_dense_float_vector""}",1,"{""candidates"":1000,""field"":""vec"",""limit"":1.0,""model"":""lsh"",""probes"":6,""similarity"":""l2"",""vec"":{}}",1,0.988926,84.745766
AnnbFashionMnist,L2,LSH,100,"{""elastiknn"":{""L"":100,""dims"":784,""k"":3,""model"":""lsh"",""similarity"":""l2"",""w"":8},""type"":""elastiknn_dense_float_vector""}",1,"{""candidates"":1000,""field"":""vec"",""limit"":1.0,""model"":""lsh"",""probes"":9,""similarity"":""l2"",""vec"":{}}",1,0.992676,71.42857
AnnbFashionMnist,L2,LSH,100,"{""elastiknn"":{""L"":100,""dims"":784,""k"":3,""model"":""lsh"",""similarity"":""l2"",""w"":8},""type"":""elastiknn_dense_float_vector""}",1,"{""candidates"":5000,""field"":""vec"",""limit"":1.0,""model"":""lsh"",""probes"":0,""similarity"":""l2"",""vec"":{}}",1,0.97319,66.666664
AnnbFashionMnist,L2,LSH,100,"{""elastiknn"":{""L"":100,""dims"":784,""k"":3,""model"":""lsh"",""similarity"":""l2"",""w"":8},""type"":""elastiknn_dense_float_vector""}",1,"{""candidates"":5000,""field"":""vec"",""limit"":1.0,""model"":""lsh"",""probes"":3,""similarity"":""l2"",""vec"":{}}",1,0.997717,54.945053
AnnbFashionMnist,L2,LSH,100,"{""elastiknn"":{""L"":100,""dims"":784,""k"":3,""model"":""lsh"",""similarity"":""l2"",""w"":8},""type"":""elastiknn_dense_float_vector""}",1,"{""candidates"":5000,""field"":""vec"",""limit"":1.0,""model"":""lsh"",""probes"":6,""similarity"":""l2"",""vec"":{}}",1,0.999146,48.309177
AnnbFashionMnist,L2,LSH,100,"{""elastiknn"":{""L"":100,""dims"":784,""k"":3,""model"":""lsh"",""similarity"":""l2"",""w"":7},""type"":""elastiknn_dense_float_vector""}",1,"{""candidates"":5000,""field"":""vec"",""limit"":1.0,""model"":""lsh"",""probes"":9,""similarity"":""l2"",""vec"":{}}",1,0.999217,47.84689
AnnbFashionMnist,L2,LSH,100,"{""elastiknn"":{""L"":100,""dims"":784,""k"":4,""model"":""lsh"",""similarity"":""l2"",""w"":5},""type"":""elastiknn_dense_float_vector""}",1,"{""candidates"":1000,""field"":""vec"",""limit"":1.0,""model"":""lsh"",""probes"":0,""similarity"":""l2"",""vec"":{}}",1,0.600507,188.67924
AnnbFashionMnist,L2,LSH,100,"{""elastiknn"":{""L"":100,""dims"":784,""k"":4,""model"":""lsh"",""similarity"":""l2"",""w"":8},""type"":""elastiknn_dense_float_vector""}",1,"{""candidates"":1000,""field"":""vec"",""limit"":1.0,""model"":""lsh"",""probes"":3,""similarity"":""l2"",""vec"":{}}",1,0.959569,142.85715
AnnbFashionMnist,L2,LSH,100,"{""elastiknn"":{""L"":100,""dims"":784,""k"":4,""model"":""lsh"",""similarity"":""l2"",""w"":5},""type"":""elastiknn_dense_float_vector""}",1,"{""candidates"":1000,""field"":""vec"",""limit"":1.0,""model"":""lsh"",""probes"":6,""similarity"":""l2"",""vec"":{}}",1,0.894536,144.92754
AnnbFashionMnist,L2,LSH,100,"{""elastiknn"":{""L"":100,""dims"":784,""k"":4,""model"":""lsh"",""similarity"":""l2"",""w"":5},""type"":""elastiknn_dense_float_vector""}",1,"{""candidates"":1000,""field"":""vec"",""limit"":1.0,""model"":""lsh"",""probes"":9,""similarity"":""l2"",""vec"":{}}",1,0.923438,131.57895
AnnbFashionMnist,L2,LSH,100,"{""elastiknn"":{""L"":100,""dims"":784,""k"":4,""model"":""lsh"",""similarity"":""l2"",""w"":8},""type"":""elastiknn_dense_float_vector""}",1,"{""candidates"":5000,""field"":""vec"",""limit"":1.0,""model"":""lsh"",""probes"":0,""similarity"":""l2"",""vec"":{}}",1,0.947972,70.42254
AnnbFashionMnist,L2,LSH,100,"{""elastiknn"":{""L"":100,""dims"":784,""k"":4,""model"":""lsh"",""similarity"":""l2"",""w"":8},""type"":""elastiknn_dense_float_vector""}",1,"{""candidates"":5000,""field"":""vec"",""limit"":1.0,""model"":""lsh"",""probes"":3,""similarity"":""l2"",""vec"":{}}",1,0.992481,62.1118
AnnbFashionMnist,L2,LSH,100,"{""elastiknn"":{""L"":100,""dims"":784,""k"":4,""model"":""lsh"",""similarity"":""l2"",""w"":8},""type"":""elastiknn_dense_float_vector""}",1,"{""candidates"":5000,""field"":""vec"",""limit"":1.0,""model"":""lsh"",""probes"":6,""similarity"":""l2"",""vec"":{}}",1,0.996994,57.803467
AnnbFashionMnist,L2,LSH,100,"{""elastiknn"":{""L"":100,""dims"":784,""k"":4,""model"":""lsh"",""similarity"":""l2"",""w"":8},""type"":""elastiknn_dense_float_vector""}",1,"{""candidates"":5000,""field"":""vec"",""limit"":1.0,""model"":""lsh"",""probes"":9,""similarity"":""l2"",""vec"":{}}",1,0.998386,53.76344
AnnbFashionMnist,L2,LSH,100,"{""elastiknn"":{""L"":50,""dims"":784,""k"":2,""model"":""lsh"",""similarity"":""l2"",""w"":6},""type"":""elastiknn_dense_float_vector""}",1,"{""candidates"":1000,""field"":""vec"",""limit"":1.0,""model"":""lsh"",""probes"":0,""similarity"":""l2"",""vec"":{}}",1,0.71998,156.25
AnnbFashionMnist,L2,LSH,100,"{""elastiknn"":{""L"":50,""dims"":784,""k"":2,""model"":""lsh"",""similarity"":""l2"",""w"":6},""type"":""elastiknn_dense_float_vector""}",1,"{""candidates"":1000,""field"":""vec"",""limit"":1.0,""model"":""lsh"",""probes"":3,""similarity"":""l2"",""vec"":{}}",1,0.926094,120.481926
AnnbFashionMnist,L2,LSH,100,"{""elastiknn"":{""L"":50,""dims"":784,""k"":2,""model"":""lsh"",""similarity"":""l2"",""w"":6},""type"":""elastiknn_dense_float_vector""}",1,"{""candidates"":1000,""field"":""vec"",""limit"":1.0,""model"":""lsh"",""probes"":6,""similarity"":""l2"",""vec"":{}}",1,0.956599,98.039215
AnnbFashionMnist,L2,LSH,100,"{""elastiknn"":{""L"":50,""dims"":784,""k"":2,""model"":""lsh"",""similarity"":""l2"",""w"":6},""type"":""elastiknn_dense_float_vector""}",1,"{""candidates"":1000,""field"":""vec"",""limit"":1.0,""model"":""lsh"",""probes"":9,""similarity"":""l2"",""vec"":{}}",1,0.926003,89.28571
AnnbFashionMnist,L2,LSH,100,"{""elastiknn"":{""L"":50,""dims"":784,""k"":2,""model"":""lsh"",""similarity"":""l2"",""w"":6},""type"":""elastiknn_dense_float_vector""}",1,"{""candidates"":5000,""field"":""vec"",""limit"":1.0,""model"":""lsh"",""probes"":0,""similarity"":""l2"",""vec"":{}}",1,0.903303,65.789474
AnnbFashionMnist,L2,LSH,100,"{""elastiknn"":{""L"":50,""dims"":784,""k"":2,""model"":""lsh"",""similarity"":""l2"",""w"":6},""type"":""elastiknn_dense_float_vector""}",1,"{""candidates"":5000,""field"":""vec"",""limit"":1.0,""model"":""lsh"",""probes"":3,""similarity"":""l2"",""vec"":{}}",1,0.988678,56.81818
AnnbFashionMnist,L2,LSH,100,"{""elastiknn"":{""L"":50,""dims"":784,""k"":2,""model"":""lsh"",""similarity"":""l2"",""w"":6},""type"":""elastiknn_dense_float_vector""}",1,"{""candidates"":5000,""field"":""vec"",""limit"":1.0,""model"":""lsh"",""probes"":6,""similarity"":""l2"",""vec"":{}}",1,0.995714,51.54639
AnnbFashionMnist,L2,LSH,100,"{""elastiknn"":{""L"":50,""dims"":784,""k"":2,""model"":""lsh"",""similarity"":""l2"",""w"":7},""type"":""elastiknn_dense_float_vector""}",1,"{""candidates"":5000,""field"":""vec"",""limit"":1.0,""model"":""lsh"",""probes"":9,""similarity"":""l2"",""vec"":{}}",1,0.994801,45.6621
AnnbFashionMnist,L2,LSH,100,"{""elastiknn"":{""L"":50,""dims"":784,""k"":3,""model"":""lsh"",""similarity"":""l2"",""w"":7},""type"":""elastiknn_dense_float_vector""}",1,"{""candidates"":1000,""field"":""vec"",""limit"":1.0,""model"":""lsh"",""probes"":0,""similarity"":""l2"",""vec"":{}}",1,0.72215,175.4386
AnnbFashionMnist,L2,LSH,100,"{""elastiknn"":{""L"":50,""dims"":784,""k"":3,""model"":""lsh"",""similarity"":""l2"",""w"":7},""type"":""elastiknn_dense_float_vector""}",1,"{""candidates"":1000,""field"":""vec"",""limit"":1.0,""model"":""lsh"",""probes"":3,""similarity"":""l2"",""vec"":{}}",1,0.915632,151.51515
AnnbFashionMnist,L2,LSH,100,"{""elastiknn"":{""L"":50,""dims"":784,""k"":3,""model"":""lsh"",""similarity"":""l2"",""w"":7},""type"":""elastiknn_dense_float_vector""}",1,"{""candidates"":1000,""field"":""vec"",""limit"":1.0,""model"":""lsh"",""probes"":6,""similarity"":""l2"",""vec"":{}}",1,0.949525,133.33333
AnnbFashionMnist,L2,LSH,100,"{""elastiknn"":{""L"":50,""dims"":784,""k"":3,""model"":""lsh"",""similarity"":""l2"",""w"":7},""type"":""elastiknn_dense_float_vector""}",1,"{""candidates"":1000,""field"":""vec"",""limit"":1.0,""model"":""lsh"",""probes"":9,""similarity"":""l2"",""vec"":{}}",1,0.963802,116.27907
AnnbFashionMnist,L2,LSH,100,"{""elastiknn"":{""L"":50,""dims"":784,""k"":3,""model"":""lsh"",""similarity"":""l2"",""w"":7},""type"":""elastiknn_dense_float_vector""}",1,"{""candidates"":5000,""field"":""vec"",""limit"":1.0,""model"":""lsh"",""probes"":0,""similarity"":""l2"",""vec"":{}}",1,0.891648,69.44444
AnnbFashionMnist,L2,LSH,100,"{""elastiknn"":{""L"":50,""dims"":784,""k"":3,""model"":""lsh"",""similarity"":""l2"",""w"":7},""type"":""elastiknn_dense_float_vector""}",1,"{""candidates"":5000,""field"":""vec"",""limit"":1.0,""model"":""lsh"",""probes"":3,""similarity"":""l2"",""vec"":{}}",1,0.982373,63.291138
AnnbFashionMnist,L2,LSH,100,"{""elastiknn"":{""L"":50,""dims"":784,""k"":3,""model"":""lsh"",""similarity"":""l2"",""w"":7},""type"":""elastiknn_dense_float_vector""}",1,"{""candidates"":5000,""field"":""vec"",""limit"":1.0,""model"":""lsh"",""probes"":6,""similarity"":""l2"",""vec"":{}}",1,0.992151,59.171597
AnnbFashionMnist,L2,LSH,100,"{""elastiknn"":{""L"":50,""dims"":784,""k"":3,""model"":""lsh"",""similarity"":""l2"",""w"":8},""type"":""elastiknn_dense_float_vector""}",1,"{""candidates"":5000,""field"":""vec"",""limit"":1.0,""model"":""lsh"",""probes"":9,""similarity"":""l2"",""vec"":{}}",1,0.997296,50.251255
AnnbFashionMnist,L2,LSH,100,"{""elastiknn"":{""L"":50,""dims"":784,""k"":4,""model"":""lsh"",""similarity"":""l2"",""w"":6},""type"":""elastiknn_dense_float_vector""}",1,"{""candidates"":1000,""field"":""vec"",""limit"":1.0,""model"":""lsh"",""probes"":0,""similarity"":""l2"",""vec"":{}}",1,0.559248,192.3077
AnnbFashionMnist,L2,LSH,100,"{""elastiknn"":{""L"":50,""dims"":784,""k"":4,""model"":""lsh"",""similarity"":""l2"",""w"":7},""type"":""elastiknn_dense_float_vector""}",1,"{""candidates"":1000,""field"":""vec"",""limit"":1.0,""model"":""lsh"",""probes"":3,""similarity"":""l2"",""vec"":{}}",1,0.861884,169.49153
AnnbFashionMnist,L2,LSH,100,"{""elastiknn"":{""L"":50,""dims"":784,""k"":4,""model"":""lsh"",""similarity"":""l2"",""w"":6},""type"":""elastiknn_dense_float_vector""}",1,"{""candidates"":1000,""field"":""vec"",""limit"":1.0,""model"":""lsh"",""probes"":6,""similarity"":""l2"",""vec"":{}}",1,0.86864203,169.49153
AnnbFashionMnist,L2,LSH,100,"{""elastiknn"":{""L"":50,""dims"":784,""k"":4,""model"":""lsh"",""similarity"":""l2"",""w"":7},""type"":""elastiknn_dense_float_vector""}",1,"{""candidates"":1000,""field"":""vec"",""limit"":1.0,""model"":""lsh"",""probes"":9,""similarity"":""l2"",""vec"":{}}",1,0.936031,151.51515
AnnbFashionMnist,L2,LSH,100,"{""elastiknn"":{""L"":50,""dims"":784,""k"":4,""model"":""lsh"",""similarity"":""l2"",""w"":7},""type"":""elastiknn_dense_float_vector""}",1,"{""candidates"":5000,""field"":""vec"",""limit"":1.0,""model"":""lsh"",""probes"":0,""similarity"":""l2"",""vec"":{}}",1,0.821559,73.52941
AnnbFashionMnist,L2,LSH,100,"{""elastiknn"":{""L"":50,""dims"":784,""k"":4,""model"":""lsh"",""similarity"":""l2"",""w"":7},""type"":""elastiknn_dense_float_vector""}",1,"{""candidates"":5000,""field"":""vec"",""limit"":1.0,""model"":""lsh"",""probes"":3,""similarity"":""l2"",""vec"":{}}",1,0.955714,69.44444
AnnbFashionMnist,L2,LSH,100,"{""elastiknn"":{""L"":50,""dims"":784,""k"":4,""model"":""lsh"",""similarity"":""l2"",""w"":7},""type"":""elastiknn_dense_float_vector""}",1,"{""candidates"":5000,""field"":""vec"",""limit"":1.0,""model"":""lsh"",""probes"":6,""similarity"":""l2"",""vec"":{}}",1,0.977495,66.22517
AnnbFashionMnist,L2,LSH,100,"{""elastiknn"":{""L"":50,""dims"":784,""k"":4,""model"":""lsh"",""similarity"":""l2"",""w"":7},""type"":""elastiknn_dense_float_vector""}",1,"{""candidates"":5000,""field"":""vec"",""limit"":1.0,""model"":""lsh"",""probes"":9,""similarity"":""l2"",""vec"":{}}",1,0.985794,63.694267
AnnbFashionMnist,L2,LSH,100,"{""elastiknn"":{""L"":75,""dims"":784,""k"":2,""model"":""lsh"",""similarity"":""l2"",""w"":5},""type"":""elastiknn_dense_float_vector""}",1,"{""candidates"":1000,""field"":""vec"",""limit"":1.0,""model"":""lsh"",""probes"":0,""similarity"":""l2"",""vec"":{}}",1,0.752855,161.29033
AnnbFashionMnist,L2,LSH,100,"{""elastiknn"":{""L"":75,""dims"":784,""k"":2,""model"":""lsh"",""similarity"":""l2"",""w"":5},""type"":""elastiknn_dense_float_vector""}",1,"{""candidates"":1000,""field"":""vec"",""limit"":1.0,""model"":""lsh"",""probes"":3,""similarity"":""l2"",""vec"":{}}",1,0.942036,116.27907
AnnbFashionMnist,L2,LSH,100,"{""elastiknn"":{""L"":75,""dims"":784,""k"":2,""model"":""lsh"",""similarity"":""l2"",""w"":5},""type"":""elastiknn_dense_float_vector""}",1,"{""candidates"":1000,""field"":""vec"",""limit"":1.0,""model"":""lsh"",""probes"":6,""similarity"":""l2"",""vec"":{}}",1,0.971134,90.90909
AnnbFashionMnist,L2,LSH,100,"{""elastiknn"":{""L"":75,""dims"":784,""k"":2,""model"":""lsh"",""similarity"":""l2"",""w"":5},""type"":""elastiknn_dense_float_vector""}",1,"{""candidates"":1000,""field"":""vec"",""limit"":1.0,""model"":""lsh"",""probes"":9,""similarity"":""l2"",""vec"":{}}",1,0.961767,80.645164
AnnbFashionMnist,L2,LSH,100,"{""elastiknn"":{""L"":75,""dims"":784,""k"":2,""model"":""lsh"",""similarity"":""l2"",""w"":5},""type"":""elastiknn_dense_float_vector""}",1,"{""candidates"":5000,""field"":""vec"",""limit"":1.0,""model"":""lsh"",""probes"":0,""similarity"":""l2"",""vec"":{}}",1,0.91730803,68.027214
AnnbFashionMnist,L2,LSH,100,"{""elastiknn"":{""L"":75,""dims"":784,""k"":2,""model"":""lsh"",""similarity"":""l2"",""w"":5},""type"":""elastiknn_dense_float_vector""}",1,"{""candidates"":5000,""field"":""vec"",""limit"":1.0,""model"":""lsh"",""probes"":3,""similarity"":""l2"",""vec"":{}}",1,0.991068,57.142857
AnnbFashionMnist,L2,LSH,100,"{""elastiknn"":{""L"":75,""dims"":784,""k"":2,""model"":""lsh"",""similarity"":""l2"",""w"":7},""type"":""elastiknn_dense_float_vector""}",1,"{""candidates"":5000,""field"":""vec"",""limit"":1.0,""model"":""lsh"",""probes"":6,""similarity"":""l2"",""vec"":{}}",1,0.999031,40.816326
AnnbFashionMnist,L2,LSH,100,"{""elastiknn"":{""L"":75,""dims"":784,""k"":2,""model"":""lsh"",""similarity"":""l2"",""w"":8},""type"":""elastiknn_dense_float_vector""}",1,"{""candidates"":5000,""field"":""vec"",""limit"":1.0,""model"":""lsh"",""probes"":9,""similarity"":""l2"",""vec"":{}}",1,0.998212,36.363636
AnnbFashionMnist,L2,LSH,100,"{""elastiknn"":{""L"":75,""dims"":784,""k"":3,""model"":""lsh"",""similarity"":""l2"",""w"":7},""type"":""elastiknn_dense_float_vector""}",1,"{""candidates"":1000,""field"":""vec"",""limit"":1.0,""model"":""lsh"",""probes"":0,""similarity"":""l2"",""vec"":{}}",1,0.805926,172.41379
AnnbFashionMnist,L2,LSH,100,"{""elastiknn"":{""L"":75,""dims"":784,""k"":3,""model"":""lsh"",""similarity"":""l2"",""w"":5},""type"":""elastiknn_dense_float_vector""}",1,"{""candidates"":1000,""field"":""vec"",""limit"":1.0,""model"":""lsh"",""probes"":3,""similarity"":""l2"",""vec"":{}}",1,0.885552,161.29033
AnnbFashionMnist,L2,LSH,100,"{""elastiknn"":{""L"":75,""dims"":784,""k"":3,""model"":""lsh"",""similarity"":""l2"",""w"":8},""type"":""elastiknn_dense_float_vector""}",1,"{""candidates"":1000,""field"":""vec"",""limit"":1.0,""model"":""lsh"",""probes"":6,""similarity"":""l2"",""vec"":{}}",1,0.980899,99.0099
AnnbFashionMnist,L2,LSH,100,"{""elastiknn"":{""L"":75,""dims"":784,""k"":3,""model"":""lsh"",""similarity"":""l2"",""w"":7},""type"":""elastiknn_dense_float_vector""}",1,"{""candidates"":1000,""field"":""vec"",""limit"":1.0,""model"":""lsh"",""probes"":9,""similarity"":""l2"",""vec"":{}}",1,0.98224,99.0099
AnnbFashionMnist,L2,LSH,100,"{""elastiknn"":{""L"":75,""dims"":784,""k"":3,""model"":""lsh"",""similarity"":""l2"",""w"":7},""type"":""elastiknn_dense_float_vector""}",1,"{""candidates"":5000,""field"":""vec"",""limit"":1.0,""model"":""lsh"",""probes"":0,""similarity"":""l2"",""vec"":{}}",1,0.936368,69.93007
AnnbFashionMnist,L2,LSH,100,"{""elastiknn"":{""L"":75,""dims"":784,""k"":3,""model"":""lsh"",""similarity"":""l2"",""w"":7},""type"":""elastiknn_dense_float_vector""}",1,"{""candidates"":5000,""field"":""vec"",""limit"":1.0,""model"":""lsh"",""probes"":3,""similarity"":""l2"",""vec"":{}}",1,0.991997,61.728394
AnnbFashionMnist,L2,LSH,100,"{""elastiknn"":{""L"":75,""dims"":784,""k"":3,""model"":""lsh"",""similarity"":""l2"",""w"":7},""type"":""elastiknn_dense_float_vector""}",1,"{""candidates"":5000,""field"":""vec"",""limit"":1.0,""model"":""lsh"",""probes"":6,""similarity"":""l2"",""vec"":{}}",1,0.996901,56.497173
AnnbFashionMnist,L2,LSH,100,"{""elastiknn"":{""L"":75,""dims"":784,""k"":3,""model"":""lsh"",""similarity"":""l2"",""w"":7},""type"":""elastiknn_dense_float_vector""}",1,"{""candidates"":5000,""field"":""vec"",""limit"":1.0,""model"":""lsh"",""probes"":9,""similarity"":""l2"",""vec"":{}}",1,0.998322,52.35602
AnnbFashionMnist,L2,LSH,100,"{""elastiknn"":{""L"":75,""dims"":784,""k"":4,""model"":""lsh"",""similarity"":""l2"",""w"":7},""type"":""elastiknn_dense_float_vector""}",1,"{""candidates"":1000,""field"":""vec"",""limit"":1.0,""model"":""lsh"",""probes"":0,""similarity"":""l2"",""vec"":{}}",1,0.735721,196.07843
AnnbFashionMnist,L2,LSH,100,"{""elastiknn"":{""L"":75,""dims"":784,""k"":4,""model"":""lsh"",""similarity"":""l2"",""w"":6},""type"":""elastiknn_dense_float_vector""}",1,"{""candidates"":1000,""field"":""vec"",""limit"":1.0,""model"":""lsh"",""probes"":3,""similarity"":""l2"",""vec"":{}}",1,0.864441,161.29033
AnnbFashionMnist,L2,LSH,100,"{""elastiknn"":{""L"":75,""dims"":784,""k"":4,""model"":""lsh"",""similarity"":""l2"",""w"":7},""type"":""elastiknn_dense_float_vector""}",1,"{""candidates"":1000,""field"":""vec"",""limit"":1.0,""model"":""lsh"",""probes"":6,""similarity"":""l2"",""vec"":{}}",1,0.948618,147.05882
AnnbFashionMnist,L2,LSH,100,"{""elastiknn"":{""L"":75,""dims"":784,""k"":4,""model"":""lsh"",""similarity"":""l2"",""w"":7},""type"":""elastiknn_dense_float_vector""}",1,"{""candidates"":1000,""field"":""vec"",""limit"":1.0,""model"":""lsh"",""probes"":9,""similarity"":""l2"",""vec"":{}}",1,0.963905,131.57895
AnnbFashionMnist,L2,LSH,100,"{""elastiknn"":{""L"":75,""dims"":784,""k"":4,""model"":""lsh"",""similarity"":""l2"",""w"":7},""type"":""elastiknn_dense_float_vector""}",1,"{""candidates"":5000,""field"":""vec"",""limit"":1.0,""model"":""lsh"",""probes"":0,""similarity"":""l2"",""vec"":{}}",1,0.881265,74.07407
AnnbFashionMnist,L2,LSH,100,"{""elastiknn"":{""L"":75,""dims"":784,""k"":4,""model"":""lsh"",""similarity"":""l2"",""w"":7},""type"":""elastiknn_dense_float_vector""}",1,"{""candidates"":5000,""field"":""vec"",""limit"":1.0,""model"":""lsh"",""probes"":3,""similarity"":""l2"",""vec"":{}}",1,0.97602,68.027214
AnnbFashionMnist,L2,LSH,100,"{""elastiknn"":{""L"":75,""dims"":784,""k"":4,""model"":""lsh"",""similarity"":""l2"",""w"":7},""type"":""elastiknn_dense_float_vector""}",1,"{""candidates"":5000,""field"":""vec"",""limit"":1.0,""model"":""lsh"",""probes"":6,""similarity"":""l2"",""vec"":{}}",1,0.98895,63.694267
AnnbFashionMnist,L2,LSH,100,"{""elastiknn"":{""L"":75,""dims"":784,""k"":4,""model"":""lsh"",""similarity"":""l2"",""w"":7},""type"":""elastiknn_dense_float_vector""}",1,"{""candidates"":5000,""field"":""vec"",""limit"":1.0,""model"":""lsh"",""probes"":9,""similarity"":""l2"",""vec"":{}}",1,0.993528,60.60606
AnnbGlove100,Angular,Exact,100,"{""elastiknn"":{""dims"":100},""type"":""elastiknn_dense_float_vector""}",1,"{""field"":""vec"",""model"":""exact"",""similarity"":""angular"",""vec"":{}}",1,1.0,3.2552083
AnnbGlove100,Angular,LSH,100,"{""elastiknn"":{""L"":100,""dims"":100,""k"":6,""model"":""lsh"",""similarity"":""angular""},""type"":""elastiknn_dense_float_vector""}",1,"{""candidates"":1000,""field"":""vec"",""limit"":1.0,""model"":""lsh"",""similarity"":""angular"",""vec"":{}}",1,0.542415,22.421524
AnnbGlove100,Angular,LSH,100,"{""elastiknn"":{""L"":100,""dims"":100,""k"":6,""model"":""lsh"",""similarity"":""angular""},""type"":""elastiknn_dense_float_vector""}",1,"{""candidates"":5000,""field"":""vec"",""limit"":1.0,""model"":""lsh"",""similarity"":""angular"",""vec"":{}}",1,0.735994,20.325203
AnnbGlove100,Angular,LSH,100,"{""elastiknn"":{""L"":100,""dims"":100,""k"":9,""model"":""lsh"",""similarity"":""angular""},""type"":""elastiknn_dense_float_vector""}",1,"{""candidates"":1000,""field"":""vec"",""limit"":1.0,""model"":""lsh"",""similarity"":""angular"",""vec"":{}}",1,0.397949,59.88024
AnnbGlove100,Angular,LSH,100,"{""elastiknn"":{""L"":100,""dims"":100,""k"":9,""model"":""lsh"",""similarity"":""angular""},""type"":""elastiknn_dense_float_vector""}",1,"{""candidates"":5000,""field"":""vec"",""limit"":1.0,""model"":""lsh"",""similarity"":""angular"",""vec"":{}}",1,0.57113,43.85965
AnnbGlove100,Angular,LSH,100,"{""elastiknn"":{""L"":125,""dims"":100,""k"":6,""model"":""lsh"",""similarity"":""angular""},""type"":""elastiknn_dense_float_vector""}",1,"{""candidates"":1000,""field"":""vec"",""limit"":1.0,""model"":""lsh"",""similarity"":""angular"",""vec"":{}}",1,0.613733,18.450184
AnnbGlove100,Angular,LSH,100,"{""elastiknn"":{""L"":125,""dims"":100,""k"":6,""model"":""lsh"",""similarity"":""angular""},""type"":""elastiknn_dense_float_vector""}",1,"{""candidates"":5000,""field"":""vec"",""limit"":1.0,""model"":""lsh"",""similarity"":""angular"",""vec"":{}}",1,0.79904,16.474464
AnnbGlove100,Angular,LSH,100,"{""elastiknn"":{""L"":125,""dims"":100,""k"":9,""model"":""lsh"",""similarity"":""angular""},""type"":""elastiknn_dense_float_vector""}",1,"{""candidates"":1000,""field"":""vec"",""limit"":1.0,""model"":""lsh"",""similarity"":""angular"",""vec"":{}}",1,0.457949,56.497173
AnnbGlove100,Angular,LSH,100,"{""elastiknn"":{""L"":125,""dims"":100,""k"":9,""model"":""lsh"",""similarity"":""angular""},""type"":""elastiknn_dense_float_vector""}",1,"{""candidates"":5000,""field"":""vec"",""limit"":1.0,""model"":""lsh"",""similarity"":""angular"",""vec"":{}}",1,0.634942,42.918453
AnnbGlove100,Angular,LSH,100,"{""elastiknn"":{""L"":50,""dims"":100,""k"":3,""model"":""lsh"",""similarity"":""angular""},""type"":""elastiknn_dense_float_vector""}",1,"{""candidates"":1000,""field"":""vec"",""limit"":1.0,""model"":""lsh"",""similarity"":""angular"",""vec"":{}}",1,0.26574,12.658228
AnnbGlove100,Angular,LSH,100,"{""elastiknn"":{""L"":50,""dims"":100,""k"":6,""model"":""lsh"",""similarity"":""angular""},""type"":""elastiknn_dense_float_vector""}",1,"{""candidates"":1000,""field"":""vec"",""limit"":1.0,""model"":""lsh"",""similarity"":""angular"",""vec"":{}}",1,0.255465,38.02281
AnnbGlove100,Angular,LSH,100,"{""elastiknn"":{""L"":50,""dims"":100,""k"":6,""model"":""lsh"",""similarity"":""angular""},""type"":""elastiknn_dense_float_vector""}",1,"{""candidates"":5000,""field"":""vec"",""limit"":1.0,""model"":""lsh"",""similarity"":""angular"",""vec"":{}}",1,0.421619,38.02281
AnnbGlove100,Angular,LSH,100,"{""elastiknn"":{""L"":50,""dims"":100,""k"":9,""model"":""lsh"",""similarity"":""angular""},""type"":""elastiknn_dense_float_vector""}",1,"{""candidates"":1000,""field"":""vec"",""limit"":1.0,""model"":""lsh"",""similarity"":""angular"",""vec"":{}}",1,0.177185,93.45795
AnnbGlove100,Angular,LSH,100,"{""elastiknn"":{""L"":50,""dims"":100,""k"":9,""model"":""lsh"",""similarity"":""angular""},""type"":""elastiknn_dense_float_vector""}",1,"{""candidates"":5000,""field"":""vec"",""limit"":1.0,""model"":""lsh"",""similarity"":""angular"",""vec"":{}}",1,0.296917,82.64463
AnnbGlove100,Angular,Permutation LSH,100,"{""elastiknn"":{""dims"":100,""k"":10,""model"":""permutation_lsh"",""repeating"":false},""type"":""elastiknn_dense_float_vector""}",1,"{""candidates"":1000,""field"":""vec"",""limit"":1.0,""model"":""permutation_lsh"",""similarity"":""angular"",""vec"":{}}",1,0.130959,50.0
AnnbGlove100,Angular,Permutation LSH,100,"{""elastiknn"":{""dims"":100,""k"":10,""model"":""permutation_lsh"",""repeating"":false},""type"":""elastiknn_dense_float_vector""}",1,"{""candidates"":10000,""field"":""vec"",""limit"":1.0,""model"":""permutation_lsh"",""similarity"":""angular"",""vec"":{}}",1,0.336696,45.454544
AnnbGlove100,Angular,Permutation LSH,100,"{""elastiknn"":{""dims"":100,""k"":10,""model"":""permutation_lsh"",""repeating"":false},""type"":""elastiknn_dense_float_vector""}",1,"{""candidates"":5000,""field"":""vec"",""limit"":1.0,""model"":""permutation_lsh"",""similarity"":""angular"",""vec"":{}}",1,0.258733,46.511627
AnnbGlove100,Angular,Permutation LSH,100,"{""elastiknn"":{""dims"":100,""k"":25,""model"":""permutation_lsh"",""repeating"":false},""type"":""elastiknn_dense_float_vector""}",1,"{""candidates"":1000,""field"":""vec"",""limit"":1.0,""model"":""permutation_lsh"",""similarity"":""angular"",""vec"":{}}",1,0.34925,20.161291
AnnbGlove100,Angular,Permutation LSH,100,"{""elastiknn"":{""dims"":100,""k"":25,""model"":""permutation_lsh"",""repeating"":false},""type"":""elastiknn_dense_float_vector""}",1,"{""candidates"":10000,""field"":""vec"",""limit"":1.0,""model"":""permutation_lsh"",""similarity"":""angular"",""vec"":{}}",1,0.662175,18.903591
AnnbGlove100,Angular,Permutation LSH,100,"{""elastiknn"":{""dims"":100,""k"":25,""model"":""permutation_lsh"",""repeating"":false},""type"":""elastiknn_dense_float_vector""}",1,"{""candidates"":5000,""field"":""vec"",""limit"":1.0,""model"":""permutation_lsh"",""similarity"":""angular"",""vec"":{}}",1,0.564317,19.607843
AnnbGlove100,Angular,Permutation LSH,100,"{""elastiknn"":{""dims"":100,""k"":25,""model"":""permutation_lsh"",""repeating"":true},""type"":""elastiknn_dense_float_vector""}",1,"{""candidates"":1000,""field"":""vec"",""limit"":1.0,""model"":""permutation_lsh"",""similarity"":""angular"",""vec"":{}}",1,0.26708,20.746887
AnnbGlove100,Angular,Permutation LSH,100,"{""elastiknn"":{""dims"":100,""k"":25,""model"":""permutation_lsh"",""repeating"":true},""type"":""elastiknn_dense_float_vector""}",1,"{""candidates"":10000,""field"":""vec"",""limit"":1.0,""model"":""permutation_lsh"",""similarity"":""angular"",""vec"":{}}",1,0.654224,19.30502
AnnbGlove100,Angular,Permutation LSH,100,"{""elastiknn"":{""dims"":100,""k"":25,""model"":""permutation_lsh"",""repeating"":true},""type"":""elastiknn_dense_float_vector""}",1,"{""candidates"":5000,""field"":""vec"",""limit"":1.0,""model"":""permutation_lsh"",""similarity"":""angular"",""vec"":{}}",1,0.547806,20.120724
AnnbGlove100,Angular,Permutation LSH,100,"{""elastiknn"":{""dims"":100,""k"":50,""model"":""permutation_lsh"",""repeating"":false},""type"":""elastiknn_dense_float_vector""}",1,"{""candidates"":1000,""field"":""vec"",""limit"":1.0,""model"":""permutation_lsh"",""similarity"":""angular"",""vec"":{}}",1,0.588414,7.513148
AnnbGlove100,Angular,Permutation LSH,100,"{""elastiknn"":{""dims"":100,""k"":50,""model"":""permutation_lsh"",""repeating"":false},""type"":""elastiknn_dense_float_vector""}",1,"{""candidates"":10000,""field"":""vec"",""limit"":1.0,""model"":""permutation_lsh"",""similarity"":""angular"",""vec"":{}}",1,0.886548,7.3475385
AnnbGlove100,Angular,Permutation LSH,100,"{""elastiknn"":{""dims"":100,""k"":50,""model"":""permutation_lsh"",""repeating"":false},""type"":""elastiknn_dense_float_vector""}",1,"{""candidates"":5000,""field"":""vec"",""limit"":1.0,""model"":""permutation_lsh"",""similarity"":""angular"",""vec"":{}}",1,0.813644,7.6745973
AnnbGlove100,Angular,Permutation LSH,100,"{""elastiknn"":{""dims"":100,""k"":75,""model"":""permutation_lsh"",""repeating"":false},""type"":""elastiknn_dense_float_vector""}",1,"{""candidates"":1000,""field"":""vec"",""limit"":1.0,""model"":""permutation_lsh"",""similarity"":""angular"",""vec"":{}}",1,0.605926,3.9184954
AnnbGlove100,Angular,Permutation LSH,100,"{""elastiknn"":{""dims"":100,""k"":75,""model"":""permutation_lsh"",""repeating"":false},""type"":""elastiknn_dense_float_vector""}",1,"{""candidates"":10000,""field"":""vec"",""limit"":1.0,""model"":""permutation_lsh"",""similarity"":""angular"",""vec"":{}}",1,0.898116,3.8624952
AnnbGlove100,Angular,Permutation LSH,100,"{""elastiknn"":{""dims"":100,""k"":75,""model"":""permutation_lsh"",""repeating"":false},""type"":""elastiknn_dense_float_vector""}",1,"{""candidates"":5000,""field"":""vec"",""limit"":1.0,""model"":""permutation_lsh"",""similarity"":""angular"",""vec"":{}}",1,0.82903,3.894081
AnnbSift,L2,Exact,100,"{""elastiknn"":{""dims"":128},""type"":""elastiknn_dense_float_vector""}",1,"{""field"":""vec"",""model"":""exact"",""similarity"":""l2"",""vec"":{}}",1,1.0,3.475843
AnnbSift,L2,LSH,100,"{""elastiknn"":{""L"":100,""dims"":128,""k"":2,""model"":""lsh"",""similarity"":""l2"",""w"":3},""type"":""elastiknn_dense_float_vector""}",1,"{""candidates"":1000,""field"":""vec"",""limit"":1.0,""model"":""lsh"",""probes"":0,""similarity"":""l2"",""vec"":{}}",1,0.718353,5.8207216
AnnbSift,L2,LSH,100,"{""elastiknn"":{""L"":100,""dims"":128,""k"":2,""model"":""lsh"",""similarity"":""l2"",""w"":3},""type"":""elastiknn_dense_float_vector""}",1,"{""candidates"":1000,""field"":""vec"",""limit"":1.0,""model"":""lsh"",""probes"":3,""similarity"":""l2"",""vec"":{}}",1,0.808176,2.1710813
AnnbSift,L2,LSH,100,"{""elastiknn"":{""L"":100,""dims"":128,""k"":2,""model"":""lsh"",""similarity"":""l2"",""w"":2},""type"":""elastiknn_dense_float_vector""}",1,"{""candidates"":1000,""field"":""vec"",""limit"":1.0,""model"":""lsh"",""probes"":6,""similarity"":""l2"",""vec"":{}}",1,0.868853,2.6659558
AnnbSift,L2,LSH,100,"{""elastiknn"":{""L"":100,""dims"":128,""k"":2,""model"":""lsh"",""similarity"":""l2"",""w"":1},""type"":""elastiknn_dense_float_vector""}",1,"{""candidates"":10000,""field"":""vec"",""limit"":1.0,""model"":""lsh"",""probes"":0,""similarity"":""l2"",""vec"":{}}",1,0.738842,24.449879
AnnbSift,L2,LSH,100,"{""elastiknn"":{""L"":100,""dims"":128,""k"":2,""model"":""lsh"",""similarity"":""l2"",""w"":2},""type"":""elastiknn_dense_float_vector""}",1,"{""candidates"":10000,""field"":""vec"",""limit"":1.0,""model"":""lsh"",""probes"":3,""similarity"":""l2"",""vec"":{}}",1,0.997481,3.844675
AnnbSift,L2,LSH,100,"{""elastiknn"":{""L"":100,""dims"":128,""k"":2,""model"":""lsh"",""similarity"":""l2"",""w"":3},""type"":""elastiknn_dense_float_vector""}",1,"{""candidates"":10000,""field"":""vec"",""limit"":1.0,""model"":""lsh"",""probes"":6,""similarity"":""l2"",""vec"":{}}",1,0.914602,1.6518005
AnnbSift,L2,LSH,100,"{""elastiknn"":{""L"":100,""dims"":128,""k"":2,""model"":""lsh"",""similarity"":""l2"",""w"":1},""type"":""elastiknn_dense_float_vector""}",1,"{""candidates"":5000,""field"":""vec"",""limit"":1.0,""model"":""lsh"",""probes"":0,""similarity"":""l2"",""vec"":{}}",1,0.652961,25.839794
AnnbSift,L2,LSH,100,"{""elastiknn"":{""L"":100,""dims"":128,""k"":2,""model"":""lsh"",""similarity"":""l2"",""w"":3},""type"":""elastiknn_dense_float_vector""}",1,"{""candidates"":5000,""field"":""vec"",""limit"":1.0,""model"":""lsh"",""probes"":3,""similarity"":""l2"",""vec"":{}}",1,0.977766,2.175805
AnnbSift,L2,LSH,100,"{""elastiknn"":{""L"":100,""dims"":128,""k"":2,""model"":""lsh"",""similarity"":""l2"",""w"":1},""type"":""elastiknn_dense_float_vector""}",1,"{""candidates"":5000,""field"":""vec"",""limit"":1.0,""model"":""lsh"",""probes"":6,""similarity"":""l2"",""vec"":{}}",1,0.981728,6.2695923
AnnbSift,L2,LSH,100,"{""elastiknn"":{""L"":100,""dims"":128,""k"":3,""model"":""lsh"",""similarity"":""l2"",""w"":2},""type"":""elastiknn_dense_float_vector""}",1,"{""candidates"":1000,""field"":""vec"",""limit"":1.0,""model"":""lsh"",""probes"":0,""similarity"":""l2"",""vec"":{}}",1,0.686035,21.645021
AnnbSift,L2,LSH,100,"{""elastiknn"":{""L"":100,""dims"":128,""k"":3,""model"":""lsh"",""similarity"":""l2"",""w"":2},""type"":""elastiknn_dense_float_vector""}",1,"{""candidates"":1000,""field"":""vec"",""limit"":1.0,""model"":""lsh"",""probes"":3,""similarity"":""l2"",""vec"":{}}",1,0.917957,8.445946
AnnbSift,L2,LSH,100,"{""elastiknn"":{""L"":100,""dims"":128,""k"":3,""model"":""lsh"",""similarity"":""l2"",""w"":1},""type"":""elastiknn_dense_float_vector""}",1,"{""candidates"":1000,""field"":""vec"",""limit"":1.0,""model"":""lsh"",""probes"":6,""similarity"":""l2"",""vec"":{}}",1,0.788976,17.574692
AnnbSift,L2,LSH,100,"{""elastiknn"":{""L"":100,""dims"":128,""k"":3,""model"":""lsh"",""similarity"":""l2"",""w"":2},""type"":""elastiknn_dense_float_vector""}",1,"{""candidates"":1000,""field"":""vec"",""limit"":1.0,""model"":""lsh"",""probes"":9,""similarity"":""l2"",""vec"":{}}",1,0.956038,4.36872
AnnbSift,L2,LSH,100,"{""elastiknn"":{""L"":100,""dims"":128,""k"":3,""model"":""lsh"",""similarity"":""l2"",""w"":1},""type"":""elastiknn_dense_float_vector""}",1,"{""candidates"":10000,""field"":""vec"",""limit"":1.0,""model"":""lsh"",""probes"":0,""similarity"":""l2"",""vec"":{}}",1,0.596977,55.24862
AnnbSift,L2,LSH,100,"{""elastiknn"":{""L"":100,""dims"":128,""k"":3,""model"":""lsh"",""similarity"":""l2"",""w"":3},""type"":""elastiknn_dense_float_vector""}",1,"{""candidates"":10000,""field"":""vec"",""limit"":1.0,""model"":""lsh"",""probes"":3,""similarity"":""l2"",""vec"":{}}",1,0.998479,4.2589436
AnnbSift,L2,LSH,100,"{""elastiknn"":{""L"":100,""dims"":128,""k"":3,""model"":""lsh"",""similarity"":""l2"",""w"":1},""type"":""elastiknn_dense_float_vector""}",1,"{""candidates"":10000,""field"":""vec"",""limit"":1.0,""model"":""lsh"",""probes"":6,""similarity"":""l2"",""vec"":{}}",1,0.958384,16.129032
AnnbSift,L2,LSH,100,"{""elastiknn"":{""L"":100,""dims"":128,""k"":3,""model"":""lsh"",""similarity"":""l2"",""w"":2},""type"":""elastiknn_dense_float_vector""}",1,"{""candidates"":10000,""field"":""vec"",""limit"":1.0,""model"":""lsh"",""probes"":9,""similarity"":""l2"",""vec"":{}}",1,0.999569,4.2955327
AnnbSift,L2,LSH,100,"{""elastiknn"":{""L"":100,""dims"":128,""k"":3,""model"":""lsh"",""similarity"":""l2"",""w"":1},""type"":""elastiknn_dense_float_vector""}",1,"{""candidates"":5000,""field"":""vec"",""limit"":1.0,""model"":""lsh"",""probes"":0,""similarity"":""l2"",""vec"":{}}",1,0.516334,62.89308
AnnbSift,L2,LSH,100,"{""elastiknn"":{""L"":100,""dims"":128,""k"":3,""model"":""lsh"",""similarity"":""l2"",""w"":1},""type"":""elastiknn_dense_float_vector""}",1,"{""candidates"":5000,""field"":""vec"",""limit"":1.0,""model"":""lsh"",""probes"":3,""similarity"":""l2"",""vec"":{}}",1,0.845166,24.752476
AnnbSift,L2,LSH,100,"{""elastiknn"":{""L"":100,""dims"":128,""k"":3,""model"":""lsh"",""similarity"":""l2"",""w"":1},""type"":""elastiknn_dense_float_vector""}",1,"{""candidates"":5000,""field"":""vec"",""limit"":1.0,""model"":""lsh"",""probes"":6,""similarity"":""l2"",""vec"":{}}",1,0.926485,17.006804
AnnbSift,L2,LSH,100,"{""elastiknn"":{""L"":100,""dims"":128,""k"":3,""model"":""lsh"",""similarity"":""l2"",""w"":1},""type"":""elastiknn_dense_float_vector""}",1,"{""candidates"":5000,""field"":""vec"",""limit"":1.0,""model"":""lsh"",""probes"":9,""similarity"":""l2"",""vec"":{}}",1,0.959004,13.368984
AnnbSift,L2,LSH,100,"{""elastiknn"":{""L"":100,""dims"":128,""k"":4,""model"":""lsh"",""similarity"":""l2"",""w"":3},""type"":""elastiknn_dense_float_vector""}",1,"{""candidates"":1000,""field"":""vec"",""limit"":1.0,""model"":""lsh"",""probes"":0,""similarity"":""l2"",""vec"":{}}",1,0.763533,17.76199
AnnbSift,L2,LSH,100,"{""elastiknn"":{""L"":100,""dims"":128,""k"":4,""model"":""lsh"",""similarity"":""l2"",""w"":3},""type"":""elastiknn_dense_float_vector""}",1,"{""candidates"":1000,""field"":""vec"",""limit"":1.0,""model"":""lsh"",""probes"":3,""similarity"":""l2"",""vec"":{}}",1,0.933959,7.052186
AnnbSift,L2,LSH,100,"{""elastiknn"":{""L"":100,""dims"":128,""k"":4,""model"":""lsh"",""similarity"":""l2"",""w"":2},""type"":""elastiknn_dense_float_vector""}",1,"{""candidates"":1000,""field"":""vec"",""limit"":1.0,""model"":""lsh"",""probes"":6,""similarity"":""l2"",""vec"":{}}",1,0.938372,12.70648
AnnbSift,L2,LSH,100,"{""elastiknn"":{""L"":100,""dims"":128,""k"":4,""model"":""lsh"",""similarity"":""l2"",""w"":3},""type"":""elastiknn_dense_float_vector""}",1,"{""candidates"":1000,""field"":""vec"",""limit"":1.0,""model"":""lsh"",""probes"":9,""similarity"":""l2"",""vec"":{}}",1,0.95685,3.877472
AnnbSift,L2,LSH,100,"{""elastiknn"":{""L"":100,""dims"":128,""k"":4,""model"":""lsh"",""similarity"":""l2"",""w"":2},""type"":""elastiknn_dense_float_vector""}",1,"{""candidates"":10000,""field"":""vec"",""limit"":1.0,""model"":""lsh"",""probes"":0,""similarity"":""l2"",""vec"":{}}",1,0.882861,39.215687
AnnbSift,L2,LSH,100,"{""elastiknn"":{""L"":100,""dims"":128,""k"":4,""model"":""lsh"",""similarity"":""l2"",""w"":1},""type"":""elastiknn_dense_float_vector""}",1,"{""candidates"":10000,""field"":""vec"",""limit"":1.0,""model"":""lsh"",""probes"":3,""similarity"":""l2"",""vec"":{}}",1,0.738886,53.475937
AnnbSift,L2,LSH,100,"{""elastiknn"":{""L"":100,""dims"":128,""k"":4,""model"":""lsh"",""similarity"":""l2"",""w"":3},""type"":""elastiknn_dense_float_vector""}",1,"{""candidates"":10000,""field"":""vec"",""limit"":1.0,""model"":""lsh"",""probes"":6,""similarity"":""l2"",""vec"":{}}",1,0.999561,4.784689
AnnbSift,L2,LSH,100,"{""elastiknn"":{""L"":100,""dims"":128,""k"":4,""model"":""lsh"",""similarity"":""l2"",""w"":2},""type"":""elastiknn_dense_float_vector""}",1,"{""candidates"":10000,""field"":""vec"",""limit"":1.0,""model"":""lsh"",""probes"":9,""similarity"":""l2"",""vec"":{}}",1,0.999029,9.737099
AnnbSift,L2,LSH,100,"{""elastiknn"":{""L"":100,""dims"":128,""k"":4,""model"":""lsh"",""similarity"":""l2"",""w"":2},""type"":""elastiknn_dense_float_vector""}",1,"{""candidates"":5000,""field"":""vec"",""limit"":1.0,""model"":""lsh"",""probes"":0,""similarity"":""l2"",""vec"":{}}",1,0.824841,41.666668
AnnbSift,L2,LSH,100,"{""elastiknn"":{""L"":100,""dims"":128,""k"":4,""model"":""lsh"",""similarity"":""l2"",""w"":1},""type"":""elastiknn_dense_float_vector""}",1,"{""candidates"":5000,""field"":""vec"",""limit"":1.0,""model"":""lsh"",""probes"":3,""similarity"":""l2"",""vec"":{}}",1,0.669128,54.054054
AnnbSift,L2,LSH,100,"{""elastiknn"":{""L"":100,""dims"":128,""k"":4,""model"":""lsh"",""similarity"":""l2"",""w"":1},""type"":""elastiknn_dense_float_vector""}",1,"{""candidates"":5000,""field"":""vec"",""limit"":1.0,""model"":""lsh"",""probes"":6,""similarity"":""l2"",""vec"":{}}",1,0.789018,40.816326
AnnbSift,L2,LSH,100,"{""elastiknn"":{""L"":100,""dims"":128,""k"":4,""model"":""lsh"",""similarity"":""l2"",""w"":1},""type"":""elastiknn_dense_float_vector""}",1,"{""candidates"":5000,""field"":""vec"",""limit"":1.0,""model"":""lsh"",""probes"":9,""similarity"":""l2"",""vec"":{}}",1,0.852418,37.593987
AnnbSift,L2,LSH,100,"{""elastiknn"":{""L"":50,""dims"":128,""k"":2,""model"":""lsh"",""similarity"":""l2"",""w"":2},""type"":""elastiknn_dense_float_vector""}",1,"{""candidates"":1000,""field"":""vec"",""limit"":1.0,""model"":""lsh"",""probes"":0,""similarity"":""l2"",""vec"":{}}",1,0.479824,20.325203
AnnbSift,L2,LSH,100,"{""elastiknn"":{""L"":50,""dims"":128,""k"":2,""model"":""lsh"",""similarity"":""l2"",""w"":2},""type"":""elastiknn_dense_float_vector""}",1,"{""candidates"":1000,""field"":""vec"",""limit"":1.0,""model"":""lsh"",""probes"":3,""similarity"":""l2"",""vec"":{}}",1,0.747712,7.5528703
AnnbSift,L2,LSH,100,"{""elastiknn"":{""L"":50,""dims"":128,""k"":2,""model"":""lsh"",""similarity"":""l2"",""w"":1},""type"":""elastiknn_dense_float_vector""}",1,"{""candidates"":1000,""field"":""vec"",""limit"":1.0,""model"":""lsh"",""probes"":6,""similarity"":""l2"",""vec"":{}}",1,0.73743,11.494253
AnnbSift,L2,LSH,100,"{""elastiknn"":{""L"":50,""dims"":128,""k"":2,""model"":""lsh"",""similarity"":""l2"",""w"":1},""type"":""elastiknn_dense_float_vector""}",1,"{""candidates"":10000,""field"":""vec"",""limit"":1.0,""model"":""lsh"",""probes"":0,""similarity"":""l2"",""vec"":{}}",1,0.548923,36.630035
AnnbSift,L2,LSH,100,"{""elastiknn"":{""L"":50,""dims"":128,""k"":2,""model"":""lsh"",""similarity"":""l2"",""w"":2},""type"":""elastiknn_dense_float_vector""}",1,"{""candidates"":10000,""field"":""vec"",""limit"":1.0,""model"":""lsh"",""probes"":3,""similarity"":""l2"",""vec"":{}}",1,0.972752,7.1942444
AnnbSift,L2,LSH,100,"{""elastiknn"":{""L"":50,""dims"":128,""k"":2,""model"":""lsh"",""similarity"":""l2"",""w"":1},""type"":""elastiknn_dense_float_vector""}",1,"{""candidates"":10000,""field"":""vec"",""limit"":1.0,""model"":""lsh"",""probes"":6,""similarity"":""l2"",""vec"":{}}",1,0.951954,10.928962
AnnbSift,L2,LSH,100,"{""elastiknn"":{""L"":50,""dims"":128,""k"":2,""model"":""lsh"",""similarity"":""l2"",""w"":3},""type"":""elastiknn_dense_float_vector""}",1,"{""candidates"":5000,""field"":""vec"",""limit"":1.0,""model"":""lsh"",""probes"":0,""similarity"":""l2"",""vec"":{}}",1,0.755204,11.961722
AnnbSift,L2,LSH,100,"{""elastiknn"":{""L"":50,""dims"":128,""k"":2,""model"":""lsh"",""similarity"":""l2"",""w"":2},""type"":""elastiknn_dense_float_vector""}",1,"{""candidates"":5000,""field"":""vec"",""limit"":1.0,""model"":""lsh"",""probes"":3,""similarity"":""l2"",""vec"":{}}",1,0.937321,7.4571214
AnnbSift,L2,LSH,100,"{""elastiknn"":{""L"":50,""dims"":128,""k"":2,""model"":""lsh"",""similarity"":""l2"",""w"":3},""type"":""elastiknn_dense_float_vector""}",1,"{""candidates"":5000,""field"":""vec"",""limit"":1.0,""model"":""lsh"",""probes"":6,""similarity"":""l2"",""vec"":{}}",1,0.47974,3.6390102
AnnbSift,L2,LSH,100,"{""elastiknn"":{""L"":50,""dims"":128,""k"":3,""model"":""lsh"",""similarity"":""l2"",""w"":1},""type"":""elastiknn_dense_float_vector""}",1,"{""candidates"":1000,""field"":""vec"",""limit"":1.0,""model"":""lsh"",""probes"":0,""similarity"":""l2"",""vec"":{}}",1,0.210868,116.27907
AnnbSift,L2,LSH,100,"{""elastiknn"":{""L"":50,""dims"":128,""k"":3,""model"":""lsh"",""similarity"":""l2"",""w"":1},""type"":""elastiknn_dense_float_vector""}",1,"{""candidates"":1000,""field"":""vec"",""limit"":1.0,""model"":""lsh"",""probes"":3,""similarity"":""l2"",""vec"":{}}",1,0.478102,50.50505
AnnbSift,L2,LSH,100,"{""elastiknn"":{""L"":50,""dims"":128,""k"":3,""model"":""lsh"",""similarity"":""l2"",""w"":1},""type"":""elastiknn_dense_float_vector""}",1,"{""candidates"":1000,""field"":""vec"",""limit"":1.0,""model"":""lsh"",""probes"":6,""similarity"":""l2"",""vec"":{}}",1,0.603178,34.602077
AnnbSift,L2,LSH,100,"{""elastiknn"":{""L"":50,""dims"":128,""k"":3,""model"":""lsh"",""similarity"":""l2"",""w"":3},""type"":""elastiknn_dense_float_vector""}",1,"{""candidates"":1000,""field"":""vec"",""limit"":1.0,""model"":""lsh"",""probes"":9,""similarity"":""l2"",""vec"":{}}",1,0.632172,5.252101
AnnbSift,L2,LSH,100,"{""elastiknn"":{""L"":50,""dims"":128,""k"":3,""model"":""lsh"",""similarity"":""l2"",""w"":1},""type"":""elastiknn_dense_float_vector""}",1,"{""candidates"":10000,""field"":""vec"",""limit"":1.0,""model"":""lsh"",""probes"":0,""similarity"":""l2"",""vec"":{}}",1,0.420726,78.74016
AnnbSift,L2,LSH,100,"{""elastiknn"":{""L"":50,""dims"":128,""k"":3,""model"":""lsh"",""similarity"":""l2"",""w"":1},""type"":""elastiknn_dense_float_vector""}",1,"{""candidates"":10000,""field"":""vec"",""limit"":1.0,""model"":""lsh"",""probes"":3,""similarity"":""l2"",""vec"":{}}",1,0.750171,42.372883
AnnbSift,L2,LSH,100,"{""elastiknn"":{""L"":50,""dims"":128,""k"":3,""model"":""lsh"",""similarity"":""l2"",""w"":1},""type"":""elastiknn_dense_float_vector""}",1,"{""candidates"":10000,""field"":""vec"",""limit"":1.0,""model"":""lsh"",""probes"":6,""similarity"":""l2"",""vec"":{}}",1,0.856956,30.76923
AnnbSift,L2,LSH,100,"{""elastiknn"":{""L"":50,""dims"":128,""k"":3,""model"":""lsh"",""similarity"":""l2"",""w"":3},""type"":""elastiknn_dense_float_vector""}",1,"{""candidates"":10000,""field"":""vec"",""limit"":1.0,""model"":""lsh"",""probes"":9,""similarity"":""l2"",""vec"":{}}",1,0.975349,5.197505
AnnbSift,L2,LSH,100,"{""elastiknn"":{""L"":50,""dims"":128,""k"":3,""model"":""lsh"",""similarity"":""l2"",""w"":1},""type"":""elastiknn_dense_float_vector""}",1,"{""candidates"":5000,""field"":""vec"",""limit"":1.0,""model"":""lsh"",""probes"":0,""similarity"":""l2"",""vec"":{}}",1,0.35076,100.0
AnnbSift,L2,LSH,100,"{""elastiknn"":{""L"":50,""dims"":128,""k"":3,""model"":""lsh"",""similarity"":""l2"",""w"":1},""type"":""elastiknn_dense_float_vector""}",1,"{""candidates"":5000,""field"":""vec"",""limit"":1.0,""model"":""lsh"",""probes"":3,""similarity"":""l2"",""vec"":{}}",1,0.672209,46.948357
AnnbSift,L2,LSH,100,"{""elastiknn"":{""L"":50,""dims"":128,""k"":3,""model"":""lsh"",""similarity"":""l2"",""w"":1},""type"":""elastiknn_dense_float_vector""}",1,"{""candidates"":5000,""field"":""vec"",""limit"":1.0,""model"":""lsh"",""probes"":6,""similarity"":""l2"",""vec"":{}}",1,0.793134,32.786884
AnnbSift,L2,LSH,100,"{""elastiknn"":{""L"":50,""dims"":128,""k"":3,""model"":""lsh"",""similarity"":""l2"",""w"":1},""type"":""elastiknn_dense_float_vector""}",1,"{""candidates"":5000,""field"":""vec"",""limit"":1.0,""model"":""lsh"",""probes"":9,""similarity"":""l2"",""vec"":{}}",1,0.856589,25.974026
AnnbSift,L2,LSH,100,"{""elastiknn"":{""L"":50,""dims"":128,""k"":4,""model"":""lsh"",""similarity"":""l2"",""w"":3},""type"":""elastiknn_dense_float_vector""}",1,"{""candidates"":1000,""field"":""vec"",""limit"":1.0,""model"":""lsh"",""probes"":0,""similarity"":""l2"",""vec"":{}}",1,0.556044,29.154518
AnnbSift,L2,LSH,100,"{""elastiknn"":{""L"":50,""dims"":128,""k"":4,""model"":""lsh"",""similarity"":""l2"",""w"":2},""type"":""elastiknn_dense_float_vector""}",1,"{""candidates"":1000,""field"":""vec"",""limit"":1.0,""model"":""lsh"",""probes"":3,""similarity"":""l2"",""vec"":{}}",1,0.731318,31.645569
AnnbSift,L2,LSH,100,"{""elastiknn"":{""L"":50,""dims"":128,""k"":4,""model"":""lsh"",""similarity"":""l2"",""w"":1},""type"":""elastiknn_dense_float_vector""}",1,"{""candidates"":1000,""field"":""vec"",""limit"":1.0,""model"":""lsh"",""probes"":6,""similarity"":""l2"",""vec"":{}}",1,0.440216,67.1141
AnnbSift,L2,LSH,100,"{""elastiknn"":{""L"":50,""dims"":128,""k"":4,""model"":""lsh"",""similarity"":""l2"",""w"":3},""type"":""elastiknn_dense_float_vector""}",1,"{""candidates"":1000,""field"":""vec"",""limit"":1.0,""model"":""lsh"",""probes"":9,""similarity"":""l2"",""vec"":{}}",1,0.835488,7.788162
AnnbSift,L2,LSH,100,"{""elastiknn"":{""L"":50,""dims"":128,""k"":4,""model"":""lsh"",""similarity"":""l2"",""w"":1},""type"":""elastiknn_dense_float_vector""}",1,"{""candidates"":10000,""field"":""vec"",""limit"":1.0,""model"":""lsh"",""probes"":0,""similarity"":""l2"",""vec"":{}}",1,0.280963,93.45795
AnnbSift,L2,LSH,100,"{""elastiknn"":{""L"":50,""dims"":128,""k"":4,""model"":""lsh"",""similarity"":""l2"",""w"":1},""type"":""elastiknn_dense_float_vector""}",1,"{""candidates"":10000,""field"":""vec"",""limit"":1.0,""model"":""lsh"",""probes"":3,""similarity"":""l2"",""vec"":{}}",1,0.565374,68.027214
AnnbSift,L2,LSH,100,"{""elastiknn"":{""L"":50,""dims"":128,""k"":4,""model"":""lsh"",""similarity"":""l2"",""w"":1},""type"":""elastiknn_dense_float_vector""}",1,"{""candidates"":10000,""field"":""vec"",""limit"":1.0,""model"":""lsh"",""probes"":6,""similarity"":""l2"",""vec"":{}}",1,0.68998,53.19149
AnnbSift,L2,LSH,100,"{""elastiknn"":{""L"":50,""dims"":128,""k"":4,""model"":""lsh"",""similarity"":""l2"",""w"":3},""type"":""elastiknn_dense_float_vector""}",1,"{""candidates"":10000,""field"":""vec"",""limit"":1.0,""model"":""lsh"",""probes"":9,""similarity"":""l2"",""vec"":{}}",1,0.99318403,7.5471697
AnnbSift,L2,LSH,100,"{""elastiknn"":{""L"":50,""dims"":128,""k"":4,""model"":""lsh"",""similarity"":""l2"",""w"":1},""type"":""elastiknn_dense_float_vector""}",1,"{""candidates"":5000,""field"":""vec"",""limit"":1.0,""model"":""lsh"",""probes"":0,""similarity"":""l2"",""vec"":{}}",1,0.244792,116.27907
AnnbSift,L2,LSH,100,"{""elastiknn"":{""L"":50,""dims"":128,""k"":4,""model"":""lsh"",""similarity"":""l2"",""w"":1},""type"":""elastiknn_dense_float_vector""}",1,"{""candidates"":5000,""field"":""vec"",""limit"":1.0,""model"":""lsh"",""probes"":3,""similarity"":""l2"",""vec"":{}}",1,0.49077,80.0
AnnbSift,L2,LSH,100,"{""elastiknn"":{""L"":50,""dims"":128,""k"":4,""model"":""lsh"",""similarity"":""l2"",""w"":1},""type"":""elastiknn_dense_float_vector""}",1,"{""candidates"":5000,""field"":""vec"",""limit"":1.0,""model"":""lsh"",""probes"":6,""similarity"":""l2"",""vec"":{}}",1,0.616351,60.240963
AnnbSift,L2,LSH,100,"{""elastiknn"":{""L"":50,""dims"":128,""k"":4,""model"":""lsh"",""similarity"":""l2"",""w"":2},""type"":""elastiknn_dense_float_vector""}",1,"{""candidates"":5000,""field"":""vec"",""limit"":1.0,""model"":""lsh"",""probes"":9,""similarity"":""l2"",""vec"":{}}",1,0.968645,17.667845
AnnbSift,L2,LSH,100,"{""elastiknn"":{""L"":75,""dims"":128,""k"":2,""model"":""lsh"",""similarity"":""l2"",""w"":3},""type"":""elastiknn_dense_float_vector""}",1,"{""candidates"":1000,""field"":""vec"",""limit"":1.0,""model"":""lsh"",""probes"":0,""similarity"":""l2"",""vec"":{}}",1,0.624977,5.9101653
AnnbSift,L2,LSH,100,"{""elastiknn"":{""L"":75,""dims"":128,""k"":2,""model"":""lsh"",""similarity"":""l2"",""w"":1},""type"":""elastiknn_dense_float_vector""}",1,"{""candidates"":1000,""field"":""vec"",""limit"":1.0,""model"":""lsh"",""probes"":3,""similarity"":""l2"",""vec"":{}}",1,0.732702,12.674272
AnnbSift,L2,LSH,100,"{""elastiknn"":{""L"":75,""dims"":128,""k"":2,""model"":""lsh"",""similarity"":""l2"",""w"":3},""type"":""elastiknn_dense_float_vector""}",1,"{""candidates"":1000,""field"":""vec"",""limit"":1.0,""model"":""lsh"",""probes"":6,""similarity"":""l2"",""vec"":{}}",1,0.292425,1.6977929
AnnbSift,L2,LSH,100,"{""elastiknn"":{""L"":75,""dims"":128,""k"":2,""model"":""lsh"",""similarity"":""l2"",""w"":1},""type"":""elastiknn_dense_float_vector""}",1,"{""candidates"":10000,""field"":""vec"",""limit"":1.0,""model"":""lsh"",""probes"":0,""similarity"":""l2"",""vec"":{}}",1,0.658499,29.069767
AnnbSift,L2,LSH,100,"{""elastiknn"":{""L"":75,""dims"":128,""k"":2,""model"":""lsh"",""similarity"":""l2"",""w"":1},""type"":""elastiknn_dense_float_vector""}",1,"{""candidates"":10000,""field"":""vec"",""limit"":1.0,""model"":""lsh"",""probes"":3,""similarity"":""l2"",""vec"":{}}",1,0.94462,12.16545
AnnbSift,L2,LSH,100,"{""elastiknn"":{""L"":75,""dims"":128,""k"":2,""model"":""lsh"",""similarity"":""l2"",""w"":3},""type"":""elastiknn_dense_float_vector""}",1,"{""candidates"":10000,""field"":""vec"",""limit"":1.0,""model"":""lsh"",""probes"":6,""similarity"":""l2"",""vec"":{}}",1,0.83816,1.6641704
AnnbSift,L2,LSH,100,"{""elastiknn"":{""L"":75,""dims"":128,""k"":2,""model"":""lsh"",""similarity"":""l2"",""w"":2},""type"":""elastiknn_dense_float_vector""}",1,"{""candidates"":5000,""field"":""vec"",""limit"":1.0,""model"":""lsh"",""probes"":0,""similarity"":""l2"",""vec"":{}}",1,0.822189,14.749263
AnnbSift,L2,LSH,100,"{""elastiknn"":{""L"":75,""dims"":128,""k"":2,""model"":""lsh"",""similarity"":""l2"",""w"":2},""type"":""elastiknn_dense_float_vector""}",1,"{""candidates"":5000,""field"":""vec"",""limit"":1.0,""model"":""lsh"",""probes"":3,""similarity"":""l2"",""vec"":{}}",1,0.977618,5.38503
AnnbSift,L2,LSH,100,"{""elastiknn"":{""L"":75,""dims"":128,""k"":2,""model"":""lsh"",""similarity"":""l2"",""w"":2},""type"":""elastiknn_dense_float_vector""}",1,"{""candidates"":5000,""field"":""vec"",""limit"":1.0,""model"":""lsh"",""probes"":6,""similarity"":""l2"",""vec"":{}}",1,0.976813,3.735525
AnnbSift,L2,LSH,100,"{""elastiknn"":{""L"":75,""dims"":128,""k"":3,""model"":""lsh"",""similarity"":""l2"",""w"":3},""type"":""elastiknn_dense_float_vector""}",1,"{""candidates"":1000,""field"":""vec"",""limit"":1.0,""model"":""lsh"",""probes"":0,""similarity"":""l2"",""vec"":{}}",1,0.676842,15.923567
AnnbSift,L2,LSH,100,"{""elastiknn"":{""L"":75,""dims"":128,""k"":3,""model"":""lsh"",""similarity"":""l2"",""w"":1},""type"":""elastiknn_dense_float_vector""}",1,"{""candidates"":1000,""field"":""vec"",""limit"":1.0,""model"":""lsh"",""probes"":3,""similarity"":""l2"",""vec"":{}}",1,0.591581,32.36246
AnnbSift,L2,LSH,100,"{""elastiknn"":{""L"":75,""dims"":128,""k"":3,""model"":""lsh"",""similarity"":""l2"",""w"":3},""type"":""elastiknn_dense_float_vector""}",1,"{""candidates"":1000,""field"":""vec"",""limit"":1.0,""model"":""lsh"",""probes"":6,""similarity"":""l2"",""vec"":{}}",1,0.850538,4.2826552
AnnbSift,L2,LSH,100,"{""elastiknn"":{""L"":75,""dims"":128,""k"":3,""model"":""lsh"",""similarity"":""l2"",""w"":1},""type"":""elastiknn_dense_float_vector""}",1,"{""candidates"":1000,""field"":""vec"",""limit"":1.0,""model"":""lsh"",""probes"":9,""similarity"":""l2"",""vec"":{}}",1,0.785534,17.391304
AnnbSift,L2,LSH,100,"{""elastiknn"":{""L"":75,""dims"":128,""k"":3,""model"":""lsh"",""similarity"":""l2"",""w"":3},""type"":""elastiknn_dense_float_vector""}",1,"{""candidates"":10000,""field"":""vec"",""limit"":1.0,""model"":""lsh"",""probes"":0,""similarity"":""l2"",""vec"":{}}",1,0.937602,15.037594
AnnbSift,L2,LSH,100,"{""elastiknn"":{""L"":75,""dims"":128,""k"":3,""model"":""lsh"",""similarity"":""l2"",""w"":1},""type"":""elastiknn_dense_float_vector""}",1,"{""candidates"":10000,""field"":""vec"",""limit"":1.0,""model"":""lsh"",""probes"":3,""similarity"":""l2"",""vec"":{}}",1,0.844932,28.169014
AnnbSift,L2,LSH,100,"{""elastiknn"":{""L"":75,""dims"":128,""k"":3,""model"":""lsh"",""similarity"":""l2"",""w"":1},""type"":""elastiknn_dense_float_vector""}",1,"{""candidates"":10000,""field"":""vec"",""limit"":1.0,""model"":""lsh"",""probes"":6,""similarity"":""l2"",""vec"":{}}",1,0.926038,21.598272
AnnbSift,L2,LSH,100,"{""elastiknn"":{""L"":75,""dims"":128,""k"":3,""model"":""lsh"",""similarity"":""l2"",""w"":3},""type"":""elastiknn_dense_float_vector""}",1,"{""candidates"":10000,""field"":""vec"",""limit"":1.0,""model"":""lsh"",""probes"":9,""similarity"":""l2"",""vec"":{}}",1,0.994496,3.2478077
AnnbSift,L2,LSH,100,"{""elastiknn"":{""L"":75,""dims"":128,""k"":3,""model"":""lsh"",""similarity"":""l2"",""w"":1},""type"":""elastiknn_dense_float_vector""}",1,"{""candidates"":5000,""field"":""vec"",""limit"":1.0,""model"":""lsh"",""probes"":0,""similarity"":""l2"",""vec"":{}}",1,0.44344,70.42254
AnnbSift,L2,LSH,100,"{""elastiknn"":{""L"":75,""dims"":128,""k"":3,""model"":""lsh"",""similarity"":""l2"",""w"":1},""type"":""elastiknn_dense_float_vector""}",1,"{""candidates"":5000,""field"":""vec"",""limit"":1.0,""model"":""lsh"",""probes"":3,""similarity"":""l2"",""vec"":{}}",1,0.779825,30.487804
AnnbSift,L2,LSH,100,"{""elastiknn"":{""L"":75,""dims"":128,""k"":3,""model"":""lsh"",""similarity"":""l2"",""w"":2},""type"":""elastiknn_dense_float_vector""}",1,"{""candidates"":5000,""field"":""vec"",""limit"":1.0,""model"":""lsh"",""probes"":6,""similarity"":""l2"",""vec"":{}}",1,0.989614,7.518797
AnnbSift,L2,LSH,100,"{""elastiknn"":{""L"":75,""dims"":128,""k"":3,""model"":""lsh"",""similarity"":""l2"",""w"":1},""type"":""elastiknn_dense_float_vector""}",1,"{""candidates"":5000,""field"":""vec"",""limit"":1.0,""model"":""lsh"",""probes"":9,""similarity"":""l2"",""vec"":{}}",1,0.926416,16.722408
AnnbSift,L2,LSH,100,"{""elastiknn"":{""L"":75,""dims"":128,""k"":4,""model"":""lsh"",""similarity"":""l2"",""w"":3},""type"":""elastiknn_dense_float_vector""}",1,"{""candidates"":1000,""field"":""vec"",""limit"":1.0,""model"":""lsh"",""probes"":0,""similarity"":""l2"",""vec"":{}}",1,0.676785,24.691359
AnnbSift,L2,LSH,100,"{""elastiknn"":{""L"":75,""dims"":128,""k"":4,""model"":""lsh"",""similarity"":""l2"",""w"":2},""type"":""elastiknn_dense_float_vector""}",1,"{""candidates"":1000,""field"":""vec"",""limit"":1.0,""model"":""lsh"",""probes"":3,""similarity"":""l2"",""vec"":{}}",1,0.832463,19.569471
AnnbSift,L2,LSH,100,"{""elastiknn"":{""L"":75,""dims"":128,""k"":4,""model"":""lsh"",""similarity"":""l2"",""w"":3},""type"":""elastiknn_dense_float_vector""}",1,"{""candidates"":1000,""field"":""vec"",""limit"":1.0,""model"":""lsh"",""probes"":6,""similarity"":""l2"",""vec"":{}}",1,0.915025,7.61035
AnnbSift,L2,LSH,100,"{""elastiknn"":{""L"":75,""dims"":128,""k"":4,""model"":""lsh"",""similarity"":""l2"",""w"":1},""type"":""elastiknn_dense_float_vector""}",1,"{""candidates"":1000,""field"":""vec"",""limit"":1.0,""model"":""lsh"",""probes"":9,""similarity"":""l2"",""vec"":{}}",1,0.621806,39.68254
AnnbSift,L2,LSH,100,"{""elastiknn"":{""L"":75,""dims"":128,""k"":4,""model"":""lsh"",""similarity"":""l2"",""w"":2},""type"":""elastiknn_dense_float_vector""}",1,"{""candidates"":10000,""field"":""vec"",""limit"":1.0,""model"":""lsh"",""probes"":0,""similarity"":""l2"",""vec"":{}}",1,0.82616,39.68254
AnnbSift,L2,LSH,100,"{""elastiknn"":{""L"":75,""dims"":128,""k"":4,""model"":""lsh"",""similarity"":""l2"",""w"":3},""type"":""elastiknn_dense_float_vector""}",1,"{""candidates"":10000,""field"":""vec"",""limit"":1.0,""model"":""lsh"",""probes"":3,""similarity"":""l2"",""vec"":{}}",1,0.99453,10.4058275
AnnbSift,L2,LSH,100,"{""elastiknn"":{""L"":75,""dims"":128,""k"":4,""model"":""lsh"",""similarity"":""l2"",""w"":1},""type"":""elastiknn_dense_float_vector""}",1,"{""candidates"":10000,""field"":""vec"",""limit"":1.0,""model"":""lsh"",""probes"":6,""similarity"":""l2"",""vec"":{}}",1,0.786989,40.650406
AnnbSift,L2,LSH,100,"{""elastiknn"":{""L"":75,""dims"":128,""k"":4,""model"":""lsh"",""similarity"":""l2"",""w"":2},""type"":""elastiknn_dense_float_vector""}",1,"{""candidates"":10000,""field"":""vec"",""limit"":1.0,""model"":""lsh"",""probes"":9,""similarity"":""l2"",""vec"":{}}",1,0.996725,10.26694
AnnbSift,L2,LSH,100,"{""elastiknn"":{""L"":75,""dims"":128,""k"":4,""model"":""lsh"",""similarity"":""l2"",""w"":2},""type"":""elastiknn_dense_float_vector""}",1,"{""candidates"":5000,""field"":""vec"",""limit"":1.0,""model"":""lsh"",""probes"":0,""similarity"":""l2"",""vec"":{}}",1,0.756577,43.47826
AnnbSift,L2,LSH,100,"{""elastiknn"":{""L"":75,""dims"":128,""k"":4,""model"":""lsh"",""similarity"":""l2"",""w"":2},""type"":""elastiknn_dense_float_vector""}",1,"{""candidates"":5000,""field"":""vec"",""limit"":1.0,""model"":""lsh"",""probes"":3,""similarity"":""l2"",""vec"":{}}",1,0.955279,18.761726
AnnbSift,L2,LSH,100,"{""elastiknn"":{""L"":75,""dims"":128,""k"":4,""model"":""lsh"",""similarity"":""l2"",""w"":1},""type"":""elastiknn_dense_float_vector""}",1,"{""candidates"":5000,""field"":""vec"",""limit"":1.0,""model"":""lsh"",""probes"":6,""similarity"":""l2"",""vec"":{}}",1,0.720664,44.84305
AnnbSift,L2,LSH,100,"{""elastiknn"":{""L"":75,""dims"":128,""k"":4,""model"":""lsh"",""similarity"":""l2"",""w"":1},""type"":""elastiknn_dense_float_vector""}",1,"{""candidates"":5000,""field"":""vec"",""limit"":1.0,""model"":""lsh"",""probes"":9,""similarity"":""l2"",""vec"":{}}",1,0.792582,37.037037
